BioSample,LibraryName,refGenome,Run,Organism,BioProject,fq1,fq2
HI.4763.001.BioOHT_13.MUI_006,lib_HI.4763.001.BioOHT_13.MUI_006,GCF_902500615.1_NSP_V7_genomic,0,Pungitius_pungitius,NaN,/scratch/sjsmith/muir/HI.4763.001.BioOHT_13.MUI_006_R1.fastq.gz,/scratch/sjsmith/muir/HI.4763.001.BioOHT_13.MUI_006_R2.fastq.gz
HI.4763.001.BioOHT_14.MUI_028,lib_HI.4763.001.BioOHT_14.MUI_028,GCF_902500615.1_NSP_V7_genomic,1,Pungitius_pungitius,NaN,/scratch/sjsmith/muir/HI.4763.001.BioOHT_14.MUI_028_R1.fastq.gz,/scratch/sjsmith/muir/HI.4763.001.BioOHT_14.MUI_028_R2.fastq.gz
HI.4763.001.BioOHT_15.MUI_039,lib_HI.4763.001.BioOHT_15.MUI_039,GCF_902500615.1_NSP_V7_genomic,2,Pungitius_pungitius,NaN,/scratch/sjsmith/muir/HI.4763.001.BioOHT_15.MUI_039_R1.fastq.gz,/scratch/sjsmith/muir/HI.4763.001.BioOHT_15.MUI_039_R2.fastq.gz
HI.4763.001.BioOHT_1.MUI_004,lib_HI.4763.001.BioOHT_1.MUI_004,GCF_902500615.1_NSP_V7_genomic,3,Pungitius_pungitius,NaN,/scratch/sjsmith/muir/HI.4763.001.BioOHT_1.MUI_004_R1.fastq.gz,/scratch/sjsmith/muir/HI.4763.001.BioOHT_1.MUI_004_R2.fastq.gz
HI.4763.001.BioOHT_25.MUI_009,lib_HI.4763.001.BioOHT_25.MUI_009,GCF_902500615.1_NSP_V7_genomic,4,Pungitius_pungitius,NaN,/scratch/sjsmith/muir/HI.4763.001.BioOHT_25.MUI_009_R1.fastq.gz,/scratch/sjsmith/muir/HI.4763.001.BioOHT_25.MUI_009_R2.fastq.gz
HI.4763.001.BioOHT_26.MUI_029,lib_HI.4763.001.BioOHT_26.MUI_029,GCF_902500615.1_NSP_V7_genomic,5,Pungitius_pungitius,NaN,/scratch/sjsmith/muir/HI.4763.001.BioOHT_26.MUI_029_R1.fastq.gz,/scratch/sjsmith/muir/HI.4763.001.BioOHT_26.MUI_029_R2.fastq.gz
HI.4763.001.BioOHT_27.MUI_040,lib_HI.4763.001.BioOHT_27.MUI_040,GCF_902500615.1_NSP_V7_genomic,6,Pungitius_pungitius,NaN,/scratch/sjsmith/muir/HI.4763.001.BioOHT_27.MUI_040_R1.fastq.gz,/scratch/sjsmith/muir/HI.4763.001.BioOHT_27.MUI_040_R2.fastq.gz
HI.4763.001.BioOHT_2.MUI_027,lib_HI.4763.001.BioOHT_2.MUI_027,GCF_902500615.1_NSP_V7_genomic,7,Pungitius_pungitius,NaN,/scratch/sjsmith/muir/HI.4763.001.BioOHT_2.MUI_027_R1.fastq.gz,/scratch/sjsmith/muir/HI.4763.001.BioOHT_2.MUI_027_R2.fastq.gz
HI.4763.001.BioOHT_37.MUI_010,lib_HI.4763.001.BioOHT_37.MUI_010,GCF_902500615.1_NSP_V7_genomic,8,Pungitius_pungitius,NaN,/scratch/sjsmith/muir/HI.4763.001.BioOHT_37.MUI_010_R1.fastq.gz,/scratch/sjsmith/muir/HI.4763.001.BioOHT_37.MUI_010_R2.fastq.gz
HI.4763.001.BioOHT_38.MUI_030,lib_HI.4763.001.BioOHT_38.MUI_030,GCF_902500615.1_NSP_V7_genomic,9,Pungitius_pungitius,NaN,/scratch/sjsmith/muir/HI.4763.001.BioOHT_38.MUI_030_R1.fastq.gz,/scratch/sjsmith/muir/HI.4763.001.BioOHT_38.MUI_030_R2.fastq.gz
HI.4763.001.BioOHT_39.MUI_041,lib_HI.4763.001.BioOHT_39.MUI_041,GCF_902500615.1_NSP_V7_genomic,10,Pungitius_pungitius,NaN,/scratch/sjsmith/muir/HI.4763.001.BioOHT_39.MUI_041_R1.fastq.gz,/scratch/sjsmith/muir/HI.4763.001.BioOHT_39.MUI_041_R2.fastq.gz
HI.4763.001.BioOHT_3.MUI_038,lib_HI.4763.001.BioOHT_3.MUI_038,GCF_902500615.1_NSP_V7_genomic,11,Pungitius_pungitius,NaN,/scratch/sjsmith/muir/HI.4763.001.BioOHT_3.MUI_038_R1.fastq.gz,/scratch/sjsmith/muir/HI.4763.001.BioOHT_3.MUI_038_R2.fastq.gz
HI.4763.001.BioOHT_49.MUI_014,lib_HI.4763.001.BioOHT_49.MUI_014,GCF_902500615.1_NSP_V7_genomic,12,Pungitius_pungitius,NaN,/scratch/sjsmith/muir/HI.4763.001.BioOHT_49.MUI_014_R1.fastq.gz,/scratch/sjsmith/muir/HI.4763.001.BioOHT_49.MUI_014_R2.fastq.gz
HI.4763.001.BioOHT_50.MUI_032,lib_HI.4763.001.BioOHT_50.MUI_032,GCF_902500615.1_NSP_V7_genomic,13,Pungitius_pungitius,NaN,/scratch/sjsmith/muir/HI.4763.001.BioOHT_50.MUI_032_R1.fastq.gz,/scratch/sjsmith/muir/HI.4763.001.BioOHT_50.MUI_032_R2.fastq.gz
HI.4763.001.BioOHT_61.MUI_017,lib_HI.4763.001.BioOHT_61.MUI_017,GCF_902500615.1_NSP_V7_genomic,14,Pungitius_pungitius,NaN,/scratch/sjsmith/muir/HI.4763.001.BioOHT_61.MUI_017_R1.fastq.gz,/scratch/sjsmith/muir/HI.4763.001.BioOHT_61.MUI_017_R2.fastq.gz
HI.4763.001.BioOHT_62.MUI_035,lib_HI.4763.001.BioOHT_62.MUI_035,GCF_902500615.1_NSP_V7_genomic,15,Pungitius_pungitius,NaN,/scratch/sjsmith/muir/HI.4763.001.BioOHT_62.MUI_035_R1.fastq.gz,/scratch/sjsmith/muir/HI.4763.001.BioOHT_62.MUI_035_R2.fastq.gz
HI.4763.001.BioOHT_73.MUI_024,lib_HI.4763.001.BioOHT_73.MUI_024,GCF_902500615.1_NSP_V7_genomic,16,Pungitius_pungitius,NaN,/scratch/sjsmith/muir/HI.4763.001.BioOHT_73.MUI_024_R1.fastq.gz,/scratch/sjsmith/muir/HI.4763.001.BioOHT_73.MUI_024_R2.fastq.gz
HI.4763.001.BioOHT_74.MUI_036,lib_HI.4763.001.BioOHT_74.MUI_036,GCF_902500615.1_NSP_V7_genomic,17,Pungitius_pungitius,NaN,/scratch/sjsmith/muir/HI.4763.001.BioOHT_74.MUI_036_R1.fastq.gz,/scratch/sjsmith/muir/HI.4763.001.BioOHT_74.MUI_036_R2.fastq.gz
HI.4763.001.BioOHT_85.MUI_025,lib_HI.4763.001.BioOHT_85.MUI_025,GCF_902500615.1_NSP_V7_genomic,18,Pungitius_pungitius,NaN,/scratch/sjsmith/muir/HI.4763.001.BioOHT_85.MUI_025_R1.fastq.gz,/scratch/sjsmith/muir/HI.4763.001.BioOHT_85.MUI_025_R2.fastq.gz
HI.4763.001.BioOHT_86.MUI_037,lib_HI.4763.001.BioOHT_86.MUI_037,GCF_902500615.1_NSP_V7_genomic,19,Pungitius_pungitius,NaN,/scratch/sjsmith/muir/HI.4763.001.BioOHT_86.MUI_037_R1.fastq.gz,/scratch/sjsmith/muir/HI.4763.001.BioOHT_86.MUI_037_R2.fastq.gz
HI.4763.002.BioOHT_16.MUI_057,lib_HI.4763.002.BioOHT_16.MUI_057,GCF_902500615.1_NSP_V7_genomic,20,Pungitius_pungitius,NaN,/scratch/sjsmith/muir/HI.4763.002.BioOHT_16.MUI_057_R1.fastq.gz,/scratch/sjsmith/muir/HI.4763.002.BioOHT_16.MUI_057_R2.fastq.gz
HI.4763.002.BioOHT_17.MUI_074,lib_HI.4763.002.BioOHT_17.MUI_074,GCF_902500615.1_NSP_V7_genomic,21,Pungitius_pungitius,NaN,/scratch/sjsmith/muir/HI.4763.002.BioOHT_17.MUI_074_R1.fastq.gz,/scratch/sjsmith/muir/HI.4763.002.BioOHT_17.MUI_074_R2.fastq.gz
HI.4763.002.BioOHT_28.MUI_063,lib_HI.4763.002.BioOHT_28.MUI_063,GCF_902500615.1_NSP_V7_genomic,22,Pungitius_pungitius,NaN,/scratch/sjsmith/muir/HI.4763.002.BioOHT_28.MUI_063_R1.fastq.gz,/scratch/sjsmith/muir/HI.4763.002.BioOHT_28.MUI_063_R2.fastq.gz
HI.4763.002.BioOHT_29.MUI_076,lib_HI.4763.002.BioOHT_29.MUI_076,GCF_902500615.1_NSP_V7_genomic,23,Pungitius_pungitius,NaN,/scratch/sjsmith/muir/HI.4763.002.BioOHT_29.MUI_076_R1.fastq.gz,/scratch/sjsmith/muir/HI.4763.002.BioOHT_29.MUI_076_R2.fastq.gz
HI.4763.002.BioOHT_40.MUI_066,lib_HI.4763.002.BioOHT_40.MUI_066,GCF_902500615.1_NSP_V7_genomic,24,Pungitius_pungitius,NaN,/scratch/sjsmith/muir/HI.4763.002.BioOHT_40.MUI_066_R1.fastq.gz,/scratch/sjsmith/muir/HI.4763.002.BioOHT_40.MUI_066_R2.fastq.gz
HI.4763.002.BioOHT_41.MUI_077,lib_HI.4763.002.BioOHT_41.MUI_077,GCF_902500615.1_NSP_V7_genomic,25,Pungitius_pungitius,NaN,/scratch/sjsmith/muir/HI.4763.002.BioOHT_41.MUI_077_R1.fastq.gz,/scratch/sjsmith/muir/HI.4763.002.BioOHT_41.MUI_077_R2.fastq.gz
HI.4763.002.BioOHT_4.MUI_052,lib_HI.4763.002.BioOHT_4.MUI_052,GCF_902500615.1_NSP_V7_genomic,26,Pungitius_pungitius,NaN,/scratch/sjsmith/muir/HI.4763.002.BioOHT_4.MUI_052_R1.fastq.gz,/scratch/sjsmith/muir/HI.4763.002.BioOHT_4.MUI_052_R2.fastq.gz
HI.4763.002.BioOHT_51.MUI_044,lib_HI.4763.002.BioOHT_51.MUI_044,GCF_902500615.1_NSP_V7_genomic,27,Pungitius_pungitius,NaN,/scratch/sjsmith/muir/HI.4763.002.BioOHT_51.MUI_044_R1.fastq.gz,/scratch/sjsmith/muir/HI.4763.002.BioOHT_51.MUI_044_R2.fastq.gz
HI.4763.002.BioOHT_52.MUI_067,lib_HI.4763.002.BioOHT_52.MUI_067,GCF_902500615.1_NSP_V7_genomic,28,Pungitius_pungitius,NaN,/scratch/sjsmith/muir/HI.4763.002.BioOHT_52.MUI_067_R1.fastq.gz,/scratch/sjsmith/muir/HI.4763.002.BioOHT_52.MUI_067_R2.fastq.gz
HI.4763.002.BioOHT_53.MUI_079,lib_HI.4763.002.BioOHT_53.MUI_079,GCF_902500615.1_NSP_V7_genomic,29,Pungitius_pungitius,NaN,/scratch/sjsmith/muir/HI.4763.002.BioOHT_53.MUI_079_R1.fastq.gz,/scratch/sjsmith/muir/HI.4763.002.BioOHT_53.MUI_079_R2.fastq.gz
HI.4763.002.BioOHT_5.MUI_073,lib_HI.4763.002.BioOHT_5.MUI_073,GCF_902500615.1_NSP_V7_genomic,30,Pungitius_pungitius,NaN,/scratch/sjsmith/muir/HI.4763.002.BioOHT_5.MUI_073_R1.fastq.gz,/scratch/sjsmith/muir/HI.4763.002.BioOHT_5.MUI_073_R2.fastq.gz
HI.4763.002.BioOHT_63.MUI_045,lib_HI.4763.002.BioOHT_63.MUI_045,GCF_902500615.1_NSP_V7_genomic,31,Pungitius_pungitius,NaN,/scratch/sjsmith/muir/HI.4763.002.BioOHT_63.MUI_045_R1.fastq.gz,/scratch/sjsmith/muir/HI.4763.002.BioOHT_63.MUI_045_R2.fastq.gz
HI.4763.002.BioOHT_64.MUI_068,lib_HI.4763.002.BioOHT_64.MUI_068,GCF_902500615.1_NSP_V7_genomic,32,Pungitius_pungitius,NaN,/scratch/sjsmith/muir/HI.4763.002.BioOHT_64.MUI_068_R1.fastq.gz,/scratch/sjsmith/muir/HI.4763.002.BioOHT_64.MUI_068_R2.fastq.gz
HI.4763.002.BioOHT_65.MUI_080,lib_HI.4763.002.BioOHT_65.MUI_080,GCF_902500615.1_NSP_V7_genomic,33,Pungitius_pungitius,NaN,/scratch/sjsmith/muir/HI.4763.002.BioOHT_65.MUI_080_R1.fastq.gz,/scratch/sjsmith/muir/HI.4763.002.BioOHT_65.MUI_080_R2.fastq.gz
HI.4763.002.BioOHT_75.MUI_047,lib_HI.4763.002.BioOHT_75.MUI_047,GCF_902500615.1_NSP_V7_genomic,34,Pungitius_pungitius,NaN,/scratch/sjsmith/muir/HI.4763.002.BioOHT_75.MUI_047_R1.fastq.gz,/scratch/sjsmith/muir/HI.4763.002.BioOHT_75.MUI_047_R2.fastq.gz
HI.4763.002.BioOHT_76.MUI_071,lib_HI.4763.002.BioOHT_76.MUI_071,GCF_902500615.1_NSP_V7_genomic,35,Pungitius_pungitius,NaN,/scratch/sjsmith/muir/HI.4763.002.BioOHT_76.MUI_071_R1.fastq.gz,/scratch/sjsmith/muir/HI.4763.002.BioOHT_76.MUI_071_R2.fastq.gz
HI.4763.002.BioOHT_77.MUI_081,lib_HI.4763.002.BioOHT_77.MUI_081,GCF_902500615.1_NSP_V7_genomic,36,Pungitius_pungitius,NaN,/scratch/sjsmith/muir/HI.4763.002.BioOHT_77.MUI_081_R1.fastq.gz,/scratch/sjsmith/muir/HI.4763.002.BioOHT_77.MUI_081_R2.fastq.gz
HI.4763.002.BioOHT_87.MUI_051,lib_HI.4763.002.BioOHT_87.MUI_051,GCF_902500615.1_NSP_V7_genomic,37,Pungitius_pungitius,NaN,/scratch/sjsmith/muir/HI.4763.002.BioOHT_87.MUI_051_R1.fastq.gz,/scratch/sjsmith/muir/HI.4763.002.BioOHT_87.MUI_051_R2.fastq.gz
HI.4763.002.BioOHT_88.MUI_072,lib_HI.4763.002.BioOHT_88.MUI_072,GCF_902500615.1_NSP_V7_genomic,38,Pungitius_pungitius,NaN,/scratch/sjsmith/muir/HI.4763.002.BioOHT_88.MUI_072_R1.fastq.gz,/scratch/sjsmith/muir/HI.4763.002.BioOHT_88.MUI_072_R2.fastq.gz
HI.4763.002.BioOHT_89.MUI_083,lib_HI.4763.002.BioOHT_89.MUI_083,GCF_902500615.1_NSP_V7_genomic,39,Pungitius_pungitius,NaN,/scratch/sjsmith/muir/HI.4763.002.BioOHT_89.MUI_083_R1.fastq.gz,/scratch/sjsmith/muir/HI.4763.002.BioOHT_89.MUI_083_R2.fastq.gz
NS.1368.004.IDT_i7_14---IDT_i5_14.MUI033,lib_NS.1368.004.IDT_i7_14---IDT_i5_14.MUI033,GCF_902500615.1_NSP_V7_genomic,40,Pungitius_pungitius,NaN,/scratch/sjsmith/muir/NS.1368.004.IDT_i7_14---IDT_i5_14.MUI033_R1.fastq.gz,/scratch/sjsmith/muir/NS.1368.004.IDT_i7_14---IDT_i5_14.MUI033_R2.fastq.gz
NS.1368.004.IDT_i7_15---IDT_i5_15.MUI059,lib_NS.1368.004.IDT_i7_15---IDT_i5_15.MUI059,GCF_902500615.1_NSP_V7_genomic,41,Pungitius_pungitius,NaN,/scratch/sjsmith/muir/NS.1368.004.IDT_i7_15---IDT_i5_15.MUI059_R1.fastq.gz,/scratch/sjsmith/muir/NS.1368.004.IDT_i7_15---IDT_i5_15.MUI059_R2.fastq.gz
NS.1368.004.IDT_i7_16---IDT_i5_16.MUI088,lib_NS.1368.004.IDT_i7_16---IDT_i5_16.MUI088,GCF_902500615.1_NSP_V7_genomic,42,Pungitius_pungitius,NaN,/scratch/sjsmith/muir/NS.1368.004.IDT_i7_16---IDT_i5_16.MUI088_R1.fastq.gz,/scratch/sjsmith/muir/NS.1368.004.IDT_i7_16---IDT_i5_16.MUI088_R2.fastq.gz
NS.1368.004.IDT_i7_17---IDT_i5_17.MUI-19-024,lib_NS.1368.004.IDT_i7_17---IDT_i5_17.MUI-19-024,GCF_902500615.1_NSP_V7_genomic,43,Pungitius_pungitius,NaN,/scratch/sjsmith/muir/NS.1368.004.IDT_i7_17---IDT_i5_17.MUI-19-024_R1.fastq.gz,/scratch/sjsmith/muir/NS.1368.004.IDT_i7_17---IDT_i5_17.MUI-19-024_R2.fastq.gz
NS.1368.004.IDT_i7_18---IDT_i5_18.MUI-19-037,lib_NS.1368.004.IDT_i7_18---IDT_i5_18.MUI-19-037,GCF_902500615.1_NSP_V7_genomic,44,Pungitius_pungitius,NaN,/scratch/sjsmith/muir/NS.1368.004.IDT_i7_18---IDT_i5_18.MUI-19-037_R1.fastq.gz,/scratch/sjsmith/muir/NS.1368.004.IDT_i7_18---IDT_i5_18.MUI-19-037_R2.fastq.gz
NS.1368.004.IDT_i7_19---IDT_i5_19.MUI005,lib_NS.1368.004.IDT_i7_19---IDT_i5_19.MUI005,GCF_902500615.1_NSP_V7_genomic,45,Pungitius_pungitius,NaN,/scratch/sjsmith/muir/NS.1368.004.IDT_i7_19---IDT_i5_19.MUI005_R1.fastq.gz,/scratch/sjsmith/muir/NS.1368.004.IDT_i7_19---IDT_i5_19.MUI005_R2.fastq.gz
NS.1368.004.IDT_i7_20---IDT_i5_20.MUI094,lib_NS.1368.004.IDT_i7_20---IDT_i5_20.MUI094,GCF_902500615.1_NSP_V7_genomic,46,Pungitius_pungitius,NaN,/scratch/sjsmith/muir/NS.1368.004.IDT_i7_20---IDT_i5_20.MUI094_R1.fastq.gz,/scratch/sjsmith/muir/NS.1368.004.IDT_i7_20---IDT_i5_20.MUI094_R2.fastq.gz
NS.1368.004.IDT_i7_21---IDT_i5_21.MUI-19-068,lib_NS.1368.004.IDT_i7_21---IDT_i5_21.MUI-19-068,GCF_902500615.1_NSP_V7_genomic,47,Pungitius_pungitius,NaN,/scratch/sjsmith/muir/NS.1368.004.IDT_i7_21---IDT_i5_21.MUI-19-068_R1.fastq.gz,/scratch/sjsmith/muir/NS.1368.004.IDT_i7_21---IDT_i5_21.MUI-19-068_R2.fastq.gz
NS.1368.004.IDT_i7_26---IDT_i5_26.MUI034,lib_NS.1368.004.IDT_i7_26---IDT_i5_26.MUI034,GCF_902500615.1_NSP_V7_genomic,48,Pungitius_pungitius,NaN,/scratch/sjsmith/muir/NS.1368.004.IDT_i7_26---IDT_i5_26.MUI034_R1.fastq.gz,/scratch/sjsmith/muir/NS.1368.004.IDT_i7_26---IDT_i5_26.MUI034_R2.fastq.gz
NS.1368.004.IDT_i7_27---IDT_i5_27.MUI060,lib_NS.1368.004.IDT_i7_27---IDT_i5_27.MUI060,GCF_902500615.1_NSP_V7_genomic,49,Pungitius_pungitius,NaN,/scratch/sjsmith/muir/NS.1368.004.IDT_i7_27---IDT_i5_27.MUI060_R1.fastq.gz,/scratch/sjsmith/muir/NS.1368.004.IDT_i7_27---IDT_i5_27.MUI060_R2.fastq.gz
NS.1368.004.IDT_i7_28---IDT_i5_28.MUI091,lib_NS.1368.004.IDT_i7_28---IDT_i5_28.MUI091,GCF_902500615.1_NSP_V7_genomic,50,Pungitius_pungitius,NaN,/scratch/sjsmith/muir/NS.1368.004.IDT_i7_28---IDT_i5_28.MUI091_R1.fastq.gz,/scratch/sjsmith/muir/NS.1368.004.IDT_i7_28---IDT_i5_28.MUI091_R2.fastq.gz
NS.1368.004.IDT_i7_29---IDT_i5_29.MUI-19-026,lib_NS.1368.004.IDT_i7_29---IDT_i5_29.MUI-19-026,GCF_902500615.1_NSP_V7_genomic,51,Pungitius_pungitius,NaN,/scratch/sjsmith/muir/NS.1368.004.IDT_i7_29---IDT_i5_29.MUI-19-026_R1.fastq.gz,/scratch/sjsmith/muir/NS.1368.004.IDT_i7_29---IDT_i5_29.MUI-19-026_R2.fastq.gz
NS.1368.004.IDT_i7_2---IDT_i5_2.MUI026,lib_NS.1368.004.IDT_i7_2---IDT_i5_2.MUI026,GCF_902500615.1_NSP_V7_genomic,52,Pungitius_pungitius,NaN,/scratch/sjsmith/muir/NS.1368.004.IDT_i7_2---IDT_i5_2.MUI026_R1.fastq.gz,/scratch/sjsmith/muir/NS.1368.004.IDT_i7_2---IDT_i5_2.MUI026_R2.fastq.gz
NS.1368.004.IDT_i7_30---IDT_i5_30.MUI-19-038,lib_NS.1368.004.IDT_i7_30---IDT_i5_30.MUI-19-038,GCF_902500615.1_NSP_V7_genomic,53,Pungitius_pungitius,NaN,/scratch/sjsmith/muir/NS.1368.004.IDT_i7_30---IDT_i5_30.MUI-19-038_R1.fastq.gz,/scratch/sjsmith/muir/NS.1368.004.IDT_i7_30---IDT_i5_30.MUI-19-038_R2.fastq.gz
NS.1368.004.IDT_i7_31---IDT_i5_31.MUI055,lib_NS.1368.004.IDT_i7_31---IDT_i5_31.MUI055,GCF_902500615.1_NSP_V7_genomic,54,Pungitius_pungitius,NaN,/scratch/sjsmith/muir/NS.1368.004.IDT_i7_31---IDT_i5_31.MUI055_R1.fastq.gz,/scratch/sjsmith/muir/NS.1368.004.IDT_i7_31---IDT_i5_31.MUI055_R2.fastq.gz
NS.1368.004.IDT_i7_32---IDT_i5_32.MUI100,lib_NS.1368.004.IDT_i7_32---IDT_i5_32.MUI100,GCF_902500615.1_NSP_V7_genomic,55,Pungitius_pungitius,NaN,/scratch/sjsmith/muir/NS.1368.004.IDT_i7_32---IDT_i5_32.MUI100_R1.fastq.gz,/scratch/sjsmith/muir/NS.1368.004.IDT_i7_32---IDT_i5_32.MUI100_R2.fastq.gz
NS.1368.004.IDT_i7_33---IDT_i5_33.MUI-19-106,lib_NS.1368.004.IDT_i7_33---IDT_i5_33.MUI-19-106,GCF_902500615.1_NSP_V7_genomic,56,Pungitius_pungitius,NaN,/scratch/sjsmith/muir/NS.1368.004.IDT_i7_33---IDT_i5_33.MUI-19-106_R1.fastq.gz,/scratch/sjsmith/muir/NS.1368.004.IDT_i7_33---IDT_i5_33.MUI-19-106_R2.fastq.gz
NS.1368.004.IDT_i7_38---IDT_i5_38.MUI043,lib_NS.1368.004.IDT_i7_38---IDT_i5_38.MUI043,GCF_902500615.1_NSP_V7_genomic,57,Pungitius_pungitius,NaN,/scratch/sjsmith/muir/NS.1368.004.IDT_i7_38---IDT_i5_38.MUI043_R1.fastq.gz,/scratch/sjsmith/muir/NS.1368.004.IDT_i7_38---IDT_i5_38.MUI043_R2.fastq.gz
NS.1368.004.IDT_i7_39---IDT_i5_39.MUI065,lib_NS.1368.004.IDT_i7_39---IDT_i5_39.MUI065,GCF_902500615.1_NSP_V7_genomic,58,Pungitius_pungitius,NaN,/scratch/sjsmith/muir/NS.1368.004.IDT_i7_39---IDT_i5_39.MUI065_R1.fastq.gz,/scratch/sjsmith/muir/NS.1368.004.IDT_i7_39---IDT_i5_39.MUI065_R2.fastq.gz
NS.1368.004.IDT_i7_3---IDT_i5_3.MUI054,lib_NS.1368.004.IDT_i7_3---IDT_i5_3.MUI054,GCF_902500615.1_NSP_V7_genomic,59,Pungitius_pungitius,NaN,/scratch/sjsmith/muir/NS.1368.004.IDT_i7_3---IDT_i5_3.MUI054_R1.fastq.gz,/scratch/sjsmith/muir/NS.1368.004.IDT_i7_3---IDT_i5_3.MUI054_R2.fastq.gz
NS.1368.004.IDT_i7_40---IDT_i5_40.MUI092,lib_NS.1368.004.IDT_i7_40---IDT_i5_40.MUI092,GCF_902500615.1_NSP_V7_genomic,60,Pungitius_pungitius,NaN,/scratch/sjsmith/muir/NS.1368.004.IDT_i7_40---IDT_i5_40.MUI092_R1.fastq.gz,/scratch/sjsmith/muir/NS.1368.004.IDT_i7_40---IDT_i5_40.MUI092_R2.fastq.gz
NS.1368.004.IDT_i7_41---IDT_i5_41.MUI-19-028,lib_NS.1368.004.IDT_i7_41---IDT_i5_41.MUI-19-028,GCF_902500615.1_NSP_V7_genomic,61,Pungitius_pungitius,NaN,/scratch/sjsmith/muir/NS.1368.004.IDT_i7_41---IDT_i5_41.MUI-19-028_R1.fastq.gz,/scratch/sjsmith/muir/NS.1368.004.IDT_i7_41---IDT_i5_41.MUI-19-028_R2.fastq.gz
NS.1368.004.IDT_i7_42---IDT_i5_42.MUI-19-039,lib_NS.1368.004.IDT_i7_42---IDT_i5_42.MUI-19-039,GCF_902500615.1_NSP_V7_genomic,62,Pungitius_pungitius,NaN,/scratch/sjsmith/muir/NS.1368.004.IDT_i7_42---IDT_i5_42.MUI-19-039_R1.fastq.gz,/scratch/sjsmith/muir/NS.1368.004.IDT_i7_42---IDT_i5_42.MUI-19-039_R2.fastq.gz
NS.1368.004.IDT_i7_43---IDT_i5_43.MUI056,lib_NS.1368.004.IDT_i7_43---IDT_i5_43.MUI056,GCF_902500615.1_NSP_V7_genomic,63,Pungitius_pungitius,NaN,/scratch/sjsmith/muir/NS.1368.004.IDT_i7_43---IDT_i5_43.MUI056_R1.fastq.gz,/scratch/sjsmith/muir/NS.1368.004.IDT_i7_43---IDT_i5_43.MUI056_R2.fastq.gz
NS.1368.004.IDT_i7_4---IDT_i5_4.MUI087,lib_NS.1368.004.IDT_i7_4---IDT_i5_4.MUI087,GCF_902500615.1_NSP_V7_genomic,64,Pungitius_pungitius,NaN,/scratch/sjsmith/muir/NS.1368.004.IDT_i7_4---IDT_i5_4.MUI087_R1.fastq.gz,/scratch/sjsmith/muir/NS.1368.004.IDT_i7_4---IDT_i5_4.MUI087_R2.fastq.gz
NS.1368.004.IDT_i7_50---IDT_i5_50.MUI048,lib_NS.1368.004.IDT_i7_50---IDT_i5_50.MUI048,GCF_902500615.1_NSP_V7_genomic,65,Pungitius_pungitius,NaN,/scratch/sjsmith/muir/NS.1368.004.IDT_i7_50---IDT_i5_50.MUI048_R1.fastq.gz,/scratch/sjsmith/muir/NS.1368.004.IDT_i7_50---IDT_i5_50.MUI048_R2.fastq.gz
NS.1368.004.IDT_i7_51---IDT_i5_51.MUI070,lib_NS.1368.004.IDT_i7_51---IDT_i5_51.MUI070,GCF_902500615.1_NSP_V7_genomic,66,Pungitius_pungitius,NaN,/scratch/sjsmith/muir/NS.1368.004.IDT_i7_51---IDT_i5_51.MUI070_R1.fastq.gz,/scratch/sjsmith/muir/NS.1368.004.IDT_i7_51---IDT_i5_51.MUI070_R2.fastq.gz
NS.1368.004.IDT_i7_52---IDT_i5_52.MUI093,lib_NS.1368.004.IDT_i7_52---IDT_i5_52.MUI093,GCF_902500615.1_NSP_V7_genomic,67,Pungitius_pungitius,NaN,/scratch/sjsmith/muir/NS.1368.004.IDT_i7_52---IDT_i5_52.MUI093_R1.fastq.gz,/scratch/sjsmith/muir/NS.1368.004.IDT_i7_52---IDT_i5_52.MUI093_R2.fastq.gz
NS.1368.004.IDT_i7_53---IDT_i5_53.MUI-19-031,lib_NS.1368.004.IDT_i7_53---IDT_i5_53.MUI-19-031,GCF_902500615.1_NSP_V7_genomic,68,Pungitius_pungitius,NaN,/scratch/sjsmith/muir/NS.1368.004.IDT_i7_53---IDT_i5_53.MUI-19-031_R1.fastq.gz,/scratch/sjsmith/muir/NS.1368.004.IDT_i7_53---IDT_i5_53.MUI-19-031_R2.fastq.gz
NS.1368.004.IDT_i7_54---IDT_i5_54.MUI-19-040,lib_NS.1368.004.IDT_i7_54---IDT_i5_54.MUI-19-040,GCF_902500615.1_NSP_V7_genomic,69,Pungitius_pungitius,NaN,/scratch/sjsmith/muir/NS.1368.004.IDT_i7_54---IDT_i5_54.MUI-19-040_R1.fastq.gz,/scratch/sjsmith/muir/NS.1368.004.IDT_i7_54---IDT_i5_54.MUI-19-040_R2.fastq.gz
NS.1368.004.IDT_i7_55---IDT_i5_55.MUI061,lib_NS.1368.004.IDT_i7_55---IDT_i5_55.MUI061,GCF_902500615.1_NSP_V7_genomic,70,Pungitius_pungitius,NaN,/scratch/sjsmith/muir/NS.1368.004.IDT_i7_55---IDT_i5_55.MUI061_R1.fastq.gz,/scratch/sjsmith/muir/NS.1368.004.IDT_i7_55---IDT_i5_55.MUI061_R2.fastq.gz
NS.1368.004.IDT_i7_56---IDT_i5_56.MUI-19-048,lib_NS.1368.004.IDT_i7_56---IDT_i5_56.MUI-19-048,GCF_902500615.1_NSP_V7_genomic,71,Pungitius_pungitius,NaN,/scratch/sjsmith/muir/NS.1368.004.IDT_i7_56---IDT_i5_56.MUI-19-048_R1.fastq.gz,/scratch/sjsmith/muir/NS.1368.004.IDT_i7_56---IDT_i5_56.MUI-19-048_R2.fastq.gz
NS.1368.004.IDT_i7_5---IDT_i5_5.MUI-19-023,lib_NS.1368.004.IDT_i7_5---IDT_i5_5.MUI-19-023,GCF_902500615.1_NSP_V7_genomic,72,Pungitius_pungitius,NaN,/scratch/sjsmith/muir/NS.1368.004.IDT_i7_5---IDT_i5_5.MUI-19-023_R1.fastq.gz,/scratch/sjsmith/muir/NS.1368.004.IDT_i7_5---IDT_i5_5.MUI-19-023_R2.fastq.gz
NS.1368.004.IDT_i7_62---IDT_i5_62.MUI049,lib_NS.1368.004.IDT_i7_62---IDT_i5_62.MUI049,GCF_902500615.1_NSP_V7_genomic,73,Pungitius_pungitius,NaN,/scratch/sjsmith/muir/NS.1368.004.IDT_i7_62---IDT_i5_62.MUI049_R1.fastq.gz,/scratch/sjsmith/muir/NS.1368.004.IDT_i7_62---IDT_i5_62.MUI049_R2.fastq.gz
NS.1368.004.IDT_i7_63---IDT_i5_63.MUI078,lib_NS.1368.004.IDT_i7_63---IDT_i5_63.MUI078,GCF_902500615.1_NSP_V7_genomic,74,Pungitius_pungitius,NaN,/scratch/sjsmith/muir/NS.1368.004.IDT_i7_63---IDT_i5_63.MUI078_R1.fastq.gz,/scratch/sjsmith/muir/NS.1368.004.IDT_i7_63---IDT_i5_63.MUI078_R2.fastq.gz
NS.1368.004.IDT_i7_64---IDT_i5_64.MUI-19-007,lib_NS.1368.004.IDT_i7_64---IDT_i5_64.MUI-19-007,GCF_902500615.1_NSP_V7_genomic,75,Pungitius_pungitius,NaN,/scratch/sjsmith/muir/NS.1368.004.IDT_i7_64---IDT_i5_64.MUI-19-007_R1.fastq.gz,/scratch/sjsmith/muir/NS.1368.004.IDT_i7_64---IDT_i5_64.MUI-19-007_R2.fastq.gz
NS.1368.004.IDT_i7_65---IDT_i5_65.MUI-19-033,lib_NS.1368.004.IDT_i7_65---IDT_i5_65.MUI-19-033,GCF_902500615.1_NSP_V7_genomic,76,Pungitius_pungitius,NaN,/scratch/sjsmith/muir/NS.1368.004.IDT_i7_65---IDT_i5_65.MUI-19-033_R1.fastq.gz,/scratch/sjsmith/muir/NS.1368.004.IDT_i7_65---IDT_i5_65.MUI-19-033_R2.fastq.gz
NS.1368.004.IDT_i7_66---IDT_i5_66.MUI-19-042,lib_NS.1368.004.IDT_i7_66---IDT_i5_66.MUI-19-042,GCF_902500615.1_NSP_V7_genomic,77,Pungitius_pungitius,NaN,/scratch/sjsmith/muir/NS.1368.004.IDT_i7_66---IDT_i5_66.MUI-19-042_R1.fastq.gz,/scratch/sjsmith/muir/NS.1368.004.IDT_i7_66---IDT_i5_66.MUI-19-042_R2.fastq.gz
NS.1368.004.IDT_i7_67---IDT_i5_67.MUI062,lib_NS.1368.004.IDT_i7_67---IDT_i5_67.MUI062,GCF_902500615.1_NSP_V7_genomic,78,Pungitius_pungitius,NaN,/scratch/sjsmith/muir/NS.1368.004.IDT_i7_67---IDT_i5_67.MUI062_R1.fastq.gz,/scratch/sjsmith/muir/NS.1368.004.IDT_i7_67---IDT_i5_67.MUI062_R2.fastq.gz
NS.1368.004.IDT_i7_68---IDT_i5_68.MUI-19-057,lib_NS.1368.004.IDT_i7_68---IDT_i5_68.MUI-19-057,GCF_902500615.1_NSP_V7_genomic,79,Pungitius_pungitius,NaN,/scratch/sjsmith/muir/NS.1368.004.IDT_i7_68---IDT_i5_68.MUI-19-057_R1.fastq.gz,/scratch/sjsmith/muir/NS.1368.004.IDT_i7_68---IDT_i5_68.MUI-19-057_R2.fastq.gz
NS.1368.004.IDT_i7_6---IDT_i5_6.MUI-19-036,lib_NS.1368.004.IDT_i7_6---IDT_i5_6.MUI-19-036,GCF_902500615.1_NSP_V7_genomic,80,Pungitius_pungitius,NaN,/scratch/sjsmith/muir/NS.1368.004.IDT_i7_6---IDT_i5_6.MUI-19-036_R1.fastq.gz,/scratch/sjsmith/muir/NS.1368.004.IDT_i7_6---IDT_i5_6.MUI-19-036_R2.fastq.gz
NS.1368.004.IDT_i7_73---IDT_i5_73.MUI002,lib_NS.1368.004.IDT_i7_73---IDT_i5_73.MUI002,GCF_902500615.1_NSP_V7_genomic,81,Pungitius_pungitius,NaN,/scratch/sjsmith/muir/NS.1368.004.IDT_i7_73---IDT_i5_73.MUI002_R1.fastq.gz,/scratch/sjsmith/muir/NS.1368.004.IDT_i7_73---IDT_i5_73.MUI002_R2.fastq.gz
NS.1368.004.IDT_i7_74---IDT_i5_74.MUI050,lib_NS.1368.004.IDT_i7_74---IDT_i5_74.MUI050,GCF_902500615.1_NSP_V7_genomic,82,Pungitius_pungitius,NaN,/scratch/sjsmith/muir/NS.1368.004.IDT_i7_74---IDT_i5_74.MUI050_R1.fastq.gz,/scratch/sjsmith/muir/NS.1368.004.IDT_i7_74---IDT_i5_74.MUI050_R2.fastq.gz
NS.1368.004.IDT_i7_75---IDT_i5_75.MUI082,lib_NS.1368.004.IDT_i7_75---IDT_i5_75.MUI082,GCF_902500615.1_NSP_V7_genomic,83,Pungitius_pungitius,NaN,/scratch/sjsmith/muir/NS.1368.004.IDT_i7_75---IDT_i5_75.MUI082_R1.fastq.gz,/scratch/sjsmith/muir/NS.1368.004.IDT_i7_75---IDT_i5_75.MUI082_R2.fastq.gz
NS.1368.004.IDT_i7_76---IDT_i5_76.MUI-19-021,lib_NS.1368.004.IDT_i7_76---IDT_i5_76.MUI-19-021,GCF_902500615.1_NSP_V7_genomic,84,Pungitius_pungitius,NaN,/scratch/sjsmith/muir/NS.1368.004.IDT_i7_76---IDT_i5_76.MUI-19-021_R1.fastq.gz,/scratch/sjsmith/muir/NS.1368.004.IDT_i7_76---IDT_i5_76.MUI-19-021_R2.fastq.gz
NS.1368.004.IDT_i7_77---IDT_i5_77.MUI-19-034,lib_NS.1368.004.IDT_i7_77---IDT_i5_77.MUI-19-034,GCF_902500615.1_NSP_V7_genomic,85,Pungitius_pungitius,NaN,/scratch/sjsmith/muir/NS.1368.004.IDT_i7_77---IDT_i5_77.MUI-19-034_R1.fastq.gz,/scratch/sjsmith/muir/NS.1368.004.IDT_i7_77---IDT_i5_77.MUI-19-034_R2.fastq.gz
NS.1368.004.IDT_i7_79---IDT_i5_79.MUI064,lib_NS.1368.004.IDT_i7_79---IDT_i5_79.MUI064,GCF_902500615.1_NSP_V7_genomic,86,Pungitius_pungitius,NaN,/scratch/sjsmith/muir/NS.1368.004.IDT_i7_79---IDT_i5_79.MUI064_R1.fastq.gz,/scratch/sjsmith/muir/NS.1368.004.IDT_i7_79---IDT_i5_79.MUI064_R2.fastq.gz
NS.1368.004.IDT_i7_7---IDT_i5_7.MUI001,lib_NS.1368.004.IDT_i7_7---IDT_i5_7.MUI001,GCF_902500615.1_NSP_V7_genomic,87,Pungitius_pungitius,NaN,/scratch/sjsmith/muir/NS.1368.004.IDT_i7_7---IDT_i5_7.MUI001_R1.fastq.gz,/scratch/sjsmith/muir/NS.1368.004.IDT_i7_7---IDT_i5_7.MUI001_R2.fastq.gz
NS.1368.004.IDT_i7_80---IDT_i5_80.MUI-19-063,lib_NS.1368.004.IDT_i7_80---IDT_i5_80.MUI-19-063,GCF_902500615.1_NSP_V7_genomic,88,Pungitius_pungitius,NaN,/scratch/sjsmith/muir/NS.1368.004.IDT_i7_80---IDT_i5_80.MUI-19-063_R1.fastq.gz,/scratch/sjsmith/muir/NS.1368.004.IDT_i7_80---IDT_i5_80.MUI-19-063_R2.fastq.gz
NS.1368.004.IDT_i7_85---IDT_i5_85.MUI007,lib_NS.1368.004.IDT_i7_85---IDT_i5_85.MUI007,GCF_902500615.1_NSP_V7_genomic,89,Pungitius_pungitius,NaN,/scratch/sjsmith/muir/NS.1368.004.IDT_i7_85---IDT_i5_85.MUI007_R1.fastq.gz,/scratch/sjsmith/muir/NS.1368.004.IDT_i7_85---IDT_i5_85.MUI007_R2.fastq.gz
NS.1368.004.IDT_i7_86---IDT_i5_86.MUI053,lib_NS.1368.004.IDT_i7_86---IDT_i5_86.MUI053,GCF_902500615.1_NSP_V7_genomic,90,Pungitius_pungitius,NaN,/scratch/sjsmith/muir/NS.1368.004.IDT_i7_86---IDT_i5_86.MUI053_R1.fastq.gz,/scratch/sjsmith/muir/NS.1368.004.IDT_i7_86---IDT_i5_86.MUI053_R2.fastq.gz
NS.1368.004.IDT_i7_87---IDT_i5_87.MUI084,lib_NS.1368.004.IDT_i7_87---IDT_i5_87.MUI084,GCF_902500615.1_NSP_V7_genomic,91,Pungitius_pungitius,NaN,/scratch/sjsmith/muir/NS.1368.004.IDT_i7_87---IDT_i5_87.MUI084_R1.fastq.gz,/scratch/sjsmith/muir/NS.1368.004.IDT_i7_87---IDT_i5_87.MUI084_R2.fastq.gz
NS.1368.004.IDT_i7_88---IDT_i5_88.MUI-19-022,lib_NS.1368.004.IDT_i7_88---IDT_i5_88.MUI-19-022,GCF_902500615.1_NSP_V7_genomic,92,Pungitius_pungitius,NaN,/scratch/sjsmith/muir/NS.1368.004.IDT_i7_88---IDT_i5_88.MUI-19-022_R1.fastq.gz,/scratch/sjsmith/muir/NS.1368.004.IDT_i7_88---IDT_i5_88.MUI-19-022_R2.fastq.gz
NS.1368.004.IDT_i7_89---IDT_i5_89.MUI-19-035,lib_NS.1368.004.IDT_i7_89---IDT_i5_89.MUI-19-035,GCF_902500615.1_NSP_V7_genomic,93,Pungitius_pungitius,NaN,/scratch/sjsmith/muir/NS.1368.004.IDT_i7_89---IDT_i5_89.MUI-19-035_R1.fastq.gz,/scratch/sjsmith/muir/NS.1368.004.IDT_i7_89---IDT_i5_89.MUI-19-035_R2.fastq.gz
NS.1368.004.IDT_i7_8---IDT_i5_8.MUI090,lib_NS.1368.004.IDT_i7_8---IDT_i5_8.MUI090,GCF_902500615.1_NSP_V7_genomic,94,Pungitius_pungitius,NaN,/scratch/sjsmith/muir/NS.1368.004.IDT_i7_8---IDT_i5_8.MUI090_R1.fastq.gz,/scratch/sjsmith/muir/NS.1368.004.IDT_i7_8---IDT_i5_8.MUI090_R2.fastq.gz
NS.1368.004.IDT_i7_91---IDT_i5_91.MUI089,lib_NS.1368.004.IDT_i7_91---IDT_i5_91.MUI089,GCF_902500615.1_NSP_V7_genomic,95,Pungitius_pungitius,NaN,/scratch/sjsmith/muir/NS.1368.004.IDT_i7_91---IDT_i5_91.MUI089_R1.fastq.gz,/scratch/sjsmith/muir/NS.1368.004.IDT_i7_91---IDT_i5_91.MUI089_R2.fastq.gz
NS.1368.004.IDT_i7_92---IDT_i5_92.MUI-19-064,lib_NS.1368.004.IDT_i7_92---IDT_i5_92.MUI-19-064,GCF_902500615.1_NSP_V7_genomic,96,Pungitius_pungitius,NaN,/scratch/sjsmith/muir/NS.1368.004.IDT_i7_92---IDT_i5_92.MUI-19-064_R1.fastq.gz,/scratch/sjsmith/muir/NS.1368.004.IDT_i7_92---IDT_i5_92.MUI-19-064_R2.fastq.gz
NS.1368.004.IDT_i7_9---IDT_i5_9.MUI-19-067,lib_NS.1368.004.IDT_i7_9---IDT_i5_9.MUI-19-067,GCF_902500615.1_NSP_V7_genomic,97,Pungitius_pungitius,NaN,/scratch/sjsmith/muir/NS.1368.004.IDT_i7_9---IDT_i5_9.MUI-19-067_R1.fastq.gz,/scratch/sjsmith/muir/NS.1368.004.IDT_i7_9---IDT_i5_9.MUI-19-067_R2.fastq.gz
